pair_id,fiscal_year,match_distance,float_ratio,large_ticker,large_display_name,large_name,large_cik,large_revenue,large_revenue_prior,large_gross_profit,large_operating_income,large_net_income,large_total_debt,large_debt_source,large_rev_growth_pct,large_gross_margin_pct,large_op_margin_pct,large_net_margin_pct,large_debt_to_revenue,small_ticker,small_display_name,small_name,small_cik,small_revenue,small_revenue_prior,small_gross_profit,small_operating_income,small_net_income,small_total_debt,small_debt_source,small_rev_growth_pct,small_gross_margin_pct,small_op_margin_pct,small_net_margin_pct,small_debt_to_revenue
P01,2022,0.0597,4.7,APH,Amphenol Corporation,AMPHENOL CORP /DE/,820313,12623000000,10876300000,4028200000,2585800000,1902300000,4577700000.0,LongTermDebtAndCapitalLeaseObligations+LongTermDebtAndCapitalLeaseObligationsCurrent,16.059689416437575,31.91158995484433,20.484829279885922,15.07011011645409,0.36264754812643585,MANH,"Manhattan Associates, Inc.",MANHATTAN ASSOCIATES INC,1056696,767084000,663643000,408847000,152700000,128959000,0.0,no-debt-tag-assumed-zero,15.586844131558683,53.29885644857669,19.906555214292045,16.81158777917412,0.0
P02,2022,0.0672,10.1,TWLO,Twilio Inc.,TWILIO INC,1447669,3826321000,2841839000,1813577000,-1205308000,-1256145000,987382000.0,LongTermDebt,34.642426963666836,47.39740863351506,-31.500441285506366,-32.829054331824224,0.2580499649663476,FROG,JFrog Ltd.,JFrog Ltd,1800667,280040000,206683000,217753000,-89840000,-90184000,0.0,no-debt-tag-assumed-zero,35.49251752684062,77.75782031138408,-32.08113126696187,-32.20397086130553,0.0
P03,2022,0.0788,4.8,FFIV,"F5, Inc.","F5, INC.",1048695,2695845000,2603416000,2156218000,403792000,322160000,349772000.0,LongTermDebtNoncurrent+LongTermDebtCurrent,3.5502969944104206,79.98301089268857,14.978309212881305,11.950241946402706,0.12974484809030193,ACIW,"ACI Worldwide, Inc.","ACI WORLDWIDE, INC.",935036,1421901000,1370598000,725830000,203835000,142177000,1089872000.0,LongTermDebtNoncurrent+LongTermDebtCurrent,3.7431106714003666,51.04645119456277,14.335386218871779,9.999078698165343,0.7664893688097835
P04,2022,0.0816,3.0,TDY,Teledyne Technologies Incorporated,TELEDYNE TECHNOLOGIES INC,1094285,5458600000,4614300000,2330300000,972000000,788600000,3920600000.0,LongTermDebtNoncurrent+LongTermDebtCurrent,18.297466571310924,42.690433444472944,17.806763639028322,14.446927783680795,0.718242772872165,MKSI,"MKS Instruments, Inc.",MKS INC,1049502,3547000000,2950000000,1547000000,617000000,333000000,5122000000.0,LongTermDebtNoncurrent,20.23728813559322,43.614321962221595,17.394981674654638,9.388215393290105,1.4440372145475049
P05,2022,0.0946,6.0,EPAM,"EPAM Systems, Inc.","EPAM Systems, Inc.",1352010,4824698000,3758144000,1538015000,572966000,419416000,27693000.0,LongTermDebtNoncurrent,28.37980662795252,31.877953811824078,11.875686312386806,8.693103692707812,0.0057398411258072525,AEIS,"Advanced Energy Industries, Inc.",ADVANCED ENERGY INDUSTRIES INC,927003,1845422000,1455954000,675506000,233095000,199660000,373262000.0,LongTermDebtNoncurrent+LongTermDebtCurrent,26.75002094846403,36.60441893507284,12.630986300152486,10.819205580078703,0.20226376406046964
P06,2022,0.0953,10.7,MSI,"Motorola Solutions, Inc.","Motorola Solutions, Inc.",68505,9112000000,8171000000,4229000000,1661000000,1363000000,6014000000.0,LongTermDebtNoncurrent+LongTermDebtCurrent,11.516338269489658,46.41132572431958,18.228709394205445,14.958296751536434,0.6600087796312555,MTSI,"MACOM Technology Solutions Holdings, Inc.","MACOM Technology Solutions Holdings, Inc.",1493594,675170000,606920000,406181000,132674000,439955000,565920000.0,LongTermDebtNoncurrent,11.24530415870296,60.15981160300369,19.650458403068857,65.16210732111912,0.838188900573189
P07,2022,0.1043,7.9,TYL,"Tyler Technologies, Inc.",TYLER TECHNOLOGIES INC,860731,1850204000,1592287000,783863000,214249000,164240000,987389000.0,LongTermDebtNoncurrent+LongTermDebtCurrent,16.197896484741758,42.36630122948605,11.579750124851097,8.876858984198499,0.5336649364070124,AMKR,"Amkor Technology, Inc.","AMKOR TECHNOLOGY, INC.",1047127,7091585000,6138329000,1329987000,897186000,765823000,1239772000.0,DebtLongtermAndShorttermCombinedAmount,15.529568389051809,18.754439240310873,12.651417137353638,10.799038578822646,0.17482297680983871
P08,2022,0.1107,4.1,ON,ON Semiconductor Corporation,ON SEMICONDUCTOR CORP,1097864,8326200000,6739800000,4077200000,2360000000,1902200000,900000.0,DebtAndCapitalLeaseObligations,23.537790438885427,48.96831687924863,28.344262688861665,22.84595613845452,0.00010809252720328601,LSCC,Lattice Semiconductor Corporation,LATTICE SEMICONDUCTOR CORP,855658,660356000,515327000,452050000,187367000,178882000,128752000.0,LongTermDebtNoncurrent+LongTermDebtCurrent,28.143101370586056,68.45549976073512,28.373634827274984,27.088721840946402,0.19497362028966195
P09,2022,0.1152,4.6,IT,"Gartner, Inc.",GARTNER INC,749251,5475846000,4733962000,3815134000,1100106000,807799000,2461407000.0,DebtLongtermAndShorttermCombinedAmount,15.671524190519484,69.67204702250575,20.090155932069674,14.75204014137724,0.44950259740686643,BSY,"Bentley Systems, Incorporated",BENTLEY SYSTEMS INC,1031308,1099082000,965046000,862069000,208612000,174780000,1780696000.0,LongTermDebtNoncurrent+LongTermDebtCurrent,13.889078862561993,78.43536696988942,18.980567418991487,15.902362153142349,1.6201666481663788
P10,2022,0.1245,6.2,OKTA,"Okta, Inc.","Okta, Inc.",1660134,1858000000,1300000000,1312000000,-812000000,-815000000,2193000000.0,ConvertibleDebtNoncurrent,42.92307692307693,70.6135629709365,-43.70290635091496,-43.864370290635094,1.1803013993541442,BRZE,"Braze, Inc.","Braze, Inc.",1676238,355426000,238035000,239608000,-148140000,-138966000,0.0,no-debt-tag-assumed-zero,49.31669712437247,67.4143140906968,-41.67956199040025,-39.0984339918858,0.0
P11,2022,0.1252,5.0,LRCX,Lam Research Corporation,LAM RESEARCH CORP,707549,17227039000,14626150000,7871807000,5381822000,4605286000,4962459000.0,LongTermDebtNoncurrent+LongTermDebtCurrent,17.782458131497354,45.694486440763264,31.24055155386831,26.732893563426657,0.2880622142899891,GEN,Gen Digital Inc.,Gen Digital Inc.,849399,3317000000,2796000000,2728000000,1206000000,1334000000,9762000000.0,LongTermDebtNoncurrent+LongTermDebtCurrent,18.63376251788269,82.2429906542056,36.35815495930057,40.21706361169732,2.943020801929454
P12,2022,0.1266,4.3,JKHY,"Jack Henry & Associates, Inc.",JACK HENRY & ASSOCIATES INC,779152,1942884000,1758225000,814270000,474619000,362916000,115000000.0,LongTermDebtAndCapitalLeaseObligations,10.502580727722561,41.91037653303028,24.428581428433198,18.67924178695177,0.05919035825093006,DIOD,Diodes Incorporated,DIODES INC /DEL/,29002,2000580000,1805162000,827237000,408193000,331283000,152041000.0,LongTermDebt+LongTermDebtCurrent,10.825510397404777,41.3498585410231,20.403732917453937,16.55934778914115,0.07599846044647052
P13,2022,0.1268,4.5,BAH,Booz Allen Hamilton Holding Corporation,Booz Allen Hamilton Holding Corp,1443646,9259000000,8363700000,4954000000,447000000,272000000,2812145000.0,LongTermDebtNoncurrent+LongTermDebtCurrent,10.704592465057331,53.50469813154768,4.8277351765849446,2.9376822551031427,0.30372016416459663,NSIT,"Insight Enterprises, Inc.",INSIGHT ENTERPRISES INC,932696,10431191000,9436113000,1636567000,413700000,280608000,637900000.0,DebtAndCapitalLeaseObligations,10.545422675629256,15.689167229322134,3.965990077259634,2.690085916363721,0.06115313198655839
P14,2022,0.1392,10.8,STX,Seagate Technology Holdings plc,Seagate Technology Holdings plc,1137789,11661000000,10681000000,3469000000,1955000000,1649000000,5715000000.0,DebtLongtermAndShorttermCombinedAmount,9.175170864151298,29.74873509990567,16.765285996055226,14.14115427493354,0.49009518909184463,VSH,"Vishay Intertechnology, Inc.",VISHAY INTERTECHNOLOGY INC,103730,3497401000,3240487000,1058989000,615486000,428810000,500937000.0,LongTermDebtNoncurrent+LongTermDebtCurrent,7.928252759538921,30.279313124231393,17.598382341630256,12.260818819460507,0.14323121655194815
P15,2022,0.1409,22.7,ADSK,"Autodesk, Inc.","Autodesk, Inc.",769397,5005000000,4386000000,4525000000,989000000,823000000,2300000000.0,LongTermDebt,14.113087095303237,90.40959040959041,19.76023976023976,16.443556443556442,0.4595404595404595,PRGS,Progress Software Corporation,PROGRESS SOFTWARE CORP /MA,876167,602013000,531313000,507517000,132131000,95069000,618079000.0,LongTermDebtNoncurrent+LongTermDebtCurrent,13.306657281113015,84.30332899787878,21.94819713195562,15.791851670977206,1.0266871313410175
P16,2022,0.1458,9.2,SNOW,Snowflake Inc.,Snowflake Inc.,1640147,2065659000,1219327000,1348119000,-842267000,-796705000,0.0,no-debt-tag-assumed-zero,69.40976456684712,65.26338567982421,-40.77473581070254,-38.56904745652598,0.0,GTLB,GitLab Inc.,Gitlab Inc.,1653482,424336000,252653000,372656000,-211411000,-173407000,0.0,no-debt-tag-assumed-zero,67.95209239549897,87.82097205987708,-49.8216036348554,-40.865493382602466,0.0
P17,2022,0.1493,14.8,MDB,"MongoDB, Inc.","MongoDB, Inc.",1441816,1284040000,873782000,934736000,-346655000,-345398000,1139880000.0,ConvertibleDebtNoncurrent,46.951985735572485,72.79648609077599,-26.997211924862153,-26.89931777826236,0.8877293542257251,NCNO,"nCino, Inc.","nCino, Inc.",1902733,408315000,273865000,238709000,-94013000,-102720000,0.0,no-debt-tag-assumed-zero,49.09353148449053,58.461971761997475,-23.024625595434898,-25.157047867455272,0.0
P18,2022,0.1503,8.3,FTNT,"Fortinet, Inc.","Fortinet, Inc.",1262039,4417400000,3342200000,3332500000,969600000,857300000,990400000.0,LongTermDebtNoncurrent,32.17042666507091,75.44030425136958,21.949563091411235,19.407343686331327,0.22420428306243492,ONTO,Onto Innovation Inc.,ONTO INNOVATION INC.,704532,1005183000,788899000,539221000,236714000,223334000,0.0,no-debt-tag-assumed-zero,27.41593030286513,53.64406282239155,23.54934375133682,22.21824284732233,0.0
P19,2022,0.1519,30.2,AKAM,"Akamai Technologies, Inc.",AKAMAI TECHNOLOGIES INC,1086222,3616654000,3461223000,2232835000,676274000,523672000,0.0,no-debt-tag-assumed-zero,4.49063813571099,61.737589495705144,18.698885765682867,14.479460849724635,0.0,HCKT,"The Hackett Group, Inc.","HACKETT GROUP, INC.",1057379,293742000,278809000,89481000,55248000,40802000,59653000.0,LongTermDebtNoncurrent,5.35599639896847,30.462446636844575,18.808342014420816,13.89042084550388,0.20307957323093054
P20,2022,0.1715,9.3,WDC,Western Digital Corporation,WESTERN DIGITAL CORP,106040,18793000000,16922000000,5874000000,2391000000,1546000000,7022000000.0,LongTermDebtNoncurrent+LongTermDebtCurrent,11.056612693535044,31.256318842122067,12.722822327462351,8.226467301654871,0.3736497632097057,BDC,Belden Inc.,BELDEN INC.,913142,2606485000,2301260000,916289000,363334000,254663000,1161176000.0,LongTermDebtNoncurrent,13.263386144981446,35.15420192327982,13.939615996255494,9.770361233615386,0.4454949865431798
