ticker,name,cik,sic,fiscal_year,revenue,revenue_prior,gross_profit,operating_income,net_income,total_debt,debt_source,public_float,float_scale_correction,revenue_tag
AAPL,Apple Inc.,320193,3571,2022,394328000000,365817000000,170782000000,119437000000,99803000000,110087000000.0,LongTermDebtNoncurrent+LongTermDebtCurrent,2830067000000.0,1,RevenueFromContractWithCustomerExcludingAssessedTax
MSFT,MICROSOFT CORP,789019,7372,2022,198270000000,168088000000,135620000000,83383000000,72738000000,49781000000.0,LongTermDebtNoncurrent+LongTermDebtCurrent,2500000000000.0,1,RevenueFromContractWithCustomerExcludingAssessedTax
NVDA,NVIDIA CORP,1045810,3674,2022,26974000000,26914000000,15356000000,4224000000,4368000000,10953000000.0,LongTermDebtNoncurrent+LongTermDebtCurrent,434370000000.0,1,Revenues
CSCO,"CISCO SYSTEMS, INC.",858877,3576,2022,51557000000,49818000000,32248000000,13969000000,11812000000,8915000000.0,LongTermDebtNoncurrent+LongTermDebtCurrent,230800000000.0,1,RevenueFromContractWithCustomerExcludingAssessedTax
AVGO,Broadcom Inc.,1730168,3674,2022,33203000000,27450000000,22095000000,14225000000,11495000000,39478000000.0,LongTermDebtAndCapitalLeaseObligations+LongTermDebtCurrent,220100000000.0,1,RevenueFromContractWithCustomerExcludingAssessedTax
QCOM,QUALCOMM INC/DE,804328,3663,2022,44200000000,33566000000,25565000000,15860000000,12936000000,14983000000.0,DebtLongtermAndShorttermCombinedAmount,177100000000.0,1,Revenues
CRM,"Salesforce, Inc.",1108524,7372,2022,31352000000,26492000000,22992000000,1030000000,208000000,10601000000.0,LongTermDebtNoncurrent+LongTermDebtCurrent,164400000000.0,1,RevenueFromContractWithCustomerExcludingAssessedTax
ADBE,ADOBE INC.,796343,7372,2022,17606000000,15785000000,15441000000,6098000000,4756000000,4129000000.0,LongTermDebt+DebtCurrent,159000000000.0,1,Revenues
INTC,INTEL CORP,50863,3674,2022,63054000000,79024000000,26866000000,2334000000,8014000000,38107000000.0,LongTermDebtNoncurrent+LongTermDebtCurrent,149200000000.0,1,RevenueFromContractWithCustomerExcludingAssessedTax
TXN,TEXAS INSTRUMENTS INC,97476,3674,2022,20028000000,18344000000,13771000000,10140000000,8749000000,8735000000.0,LongTermDebtNoncurrent+LongTermDebtCurrent,140429302063.0,1,RevenueFromContractWithCustomerExcludingAssessedTax
AMD,ADVANCED MICRO DEVICES INC,2488,3674,2022,23601000000,16434000000,10603000000,1264000000,1320000000,2467000000.0,DebtLongtermAndShorttermCombinedAmount,139800000000.0,1,RevenueFromContractWithCustomerExcludingAssessedTax
AMAT,APPLIED MATERIALS INC /DE,6951,3674,2022,25785000000,23063000000,11993000000,7788000000,6525000000,5457000000.0,LongTermDebtNoncurrent,95725229751.0,1,RevenueFromContractWithCustomerExcludingAssessedTax
MU,MICRON TECHNOLOGY INC,723125,3674,2022,30758000000,27705000000,13898000000,9702000000,8687000000,6906000000.0,DebtAndCapitalLeaseObligations,83900000000.0,1,RevenueFromContractWithCustomerExcludingAssessedTax
NOW,"ServiceNow, Inc.",1373715,7372,2022,7245000000,5896000000,5672000000,355000000,325000000,0.0,LongTermDebtCurrent,73600000000.0,1,RevenueFromContractWithCustomerExcludingAssessedTax
ADI,ANALOG DEVICES INC,6281,3674,2022,12013953000,7318286000,7532474000,3278700000,2748561000,6548625000.0,LongTermDebtNoncurrent+LongTermDebtCurrent,62631000000.0,1,RevenueFromContractWithCustomerExcludingAssessedTax
PANW,Palo Alto Networks Inc,1327567,3577,2022,5501500000,4256100000,3782800000,-188800000,-267000000,3676800000.0,LongTermDebt,49978456856.0,1,RevenueFromContractWithCustomerExcludingAssessedTax
ADSK,"Autodesk, Inc.",769397,7372,2022,5005000000,4386000000,4525000000,989000000,823000000,2300000000.0,LongTermDebt,47000000000.0,1,RevenueFromContractWithCustomerExcludingAssessedTax
LRCX,LAM RESEARCH CORP,707549,3559,2022,17227039000,14626150000,7871807000,5381822000,4605286000,4962459000.0,LongTermDebtNoncurrent+LongTermDebtCurrent,46244310674.0,1,RevenueFromContractWithCustomerExcludingAssessedTax
SNOW,Snowflake Inc.,1640147,7372,2022,2065659000,1219327000,1348119000,-842267000,-796705000,0.0,no-debt-tag-assumed-zero,46200000000.0,1,RevenueFromContractWithCustomerExcludingAssessedTax
CRWD,"CrowdStrike Holdings, Inc.",1535527,7372,2022,2241236000,1451594000,1640005000,-190112000,-183245000,741005000.0,LongTermDebtNoncurrent,42800000000.0,1,RevenueFromContractWithCustomerIncludingAssessedTax
ROP,ROPER TECHNOLOGIES INC,882835,3823,2022,5371800000,4833800000,3752800000,1524500000,4544700000,6661700000.0,LongTermDebtNoncurrent+LongTermDebtCurrent,41600000000.0,1,RevenueFromContractWithCustomerExcludingAssessedTax
HPQ,HP INC,47217,3570,2022,62910000000,63460000000,12263000000,4559000000,3132000000,11000000000.0,DebtAndCapitalLeaseObligations,37840980837.0,1,Revenues
APH,AMPHENOL CORP /DE/,820313,3678,2022,12623000000,10876300000,4028200000,2585800000,1902300000,4577700000.0,LongTermDebtAndCapitalLeaseObligations+LongTermDebtAndCapitalLeaseObligationsCurrent,33606000000.0,1,RevenueFromContractWithCustomerExcludingAssessedTax
MCHP,MICROCHIP TECHNOLOGY INC,827054,3674,2022,8438700000,6820900000,5697900000,3116000000,2237700000,6439900000.0,LongTermDebtNoncurrent+LongTermDebtCurrent,32900000000.0,1,RevenueFromContractWithCustomerExcludingAssessedTax
SNPS,SYNOPSYS INC,883241,7372,2022,4615714000,4204193000,3717701000,1148714000,984594000,20824000.0,LongTermDebtNoncurrent+DebtCurrent,32200000000.0,1,RevenueFromContractWithCustomerExcludingAssessedTax
VEEV,VEEVA SYSTEMS INC,1393052,7372,2022,2155060000,1850777000,1545655000,459091000,487706000,0.0,no-debt-tag-assumed-zero,31300000000.0,1,RevenueFromContractWithCustomerExcludingAssessedTax
MSI,"Motorola Solutions, Inc.",68505,3663,2022,9112000000,8171000000,4229000000,1661000000,1363000000,6014000000.0,LongTermDebtNoncurrent+LongTermDebtCurrent,31000000000.0,1,RevenueFromContractWithCustomerExcludingAssessedTax
ZM,"Zoom Communications, Inc.",1585521,7370,2022,4392960000,4099864000,3292509000,245429000,103711000,0.0,no-debt-tag-assumed-zero,26100000000.0,1,RevenueFromContractWithCustomerExcludingAssessedTax
GLW,CORNING INC /NY,24741,3357,2022,14189000000,14082000000,4506000000,1438000000,1316000000,6911000000.0,LongTermDebtAndCapitalLeaseObligations+LongTermDebtAndCapitalLeaseObligationsCurrent,26000000000.0,1,Revenues
DDOG,"Datadog, Inc.",1561550,7372,2022,1675100000,1028784000,1328357000,-58695000,-50160000,0.0,no-debt-tag-assumed-zero,25900000000.0,1,RevenueFromContractWithCustomerExcludingAssessedTax
FTNT,"Fortinet, Inc.",1262039,3577,2022,4417400000,3342200000,3332500000,969600000,857300000,990400000.0,LongTermDebtNoncurrent,25621924666.0,1,RevenueFromContractWithCustomerExcludingAssessedTax
STX,Seagate Technology Holdings plc,1137789,3572,2022,11661000000,10681000000,3469000000,1955000000,1649000000,5715000000.0,DebtLongtermAndShorttermCombinedAmount,24700000000.0,1,RevenueFromContractWithCustomerExcludingAssessedTax
ANET,"Arista Networks, Inc.",1596532,3576,2022,4381310000,2948037000,2675696000,1527106000,1352446000,0.0,no-debt-tag-assumed-zero,23073707198.0,1,RevenueFromContractWithCustomerExcludingAssessedTax
ZS,"Zscaler, Inc.",1713683,7371,2022,1090946000,673100000,848664000,-327429000,-390278000,968674000.0,LongTermDebt,22200000000.0,1,RevenueFromContractWithCustomerExcludingAssessedTax
SWKS,"SKYWORKS SOLUTIONS, INC.",4127,3674,2022,5485500000,5109100000,2604300000,1527000000,1275200000,2189100000.0,DebtLongtermAndShorttermCombinedAmount,21300000000.0,1,RevenueFromContractWithCustomerExcludingAssessedTax
CDW,CDW Corp,1402057,5961,2022,23748700000,20820800000,4686600000,1735200000,1114500000,5959000000.0,DebtLongtermAndShorttermCombinedAmount,21272000000.0,1,RevenueFromContractWithCustomerExcludingAssessedTax
MDB,"MongoDB, Inc.",1441816,7372,2022,1284040000,873782000,934736000,-346655000,-345398000,1139880000.0,ConvertibleDebtNoncurrent,20700000000.0,1,RevenueFromContractWithCustomerExcludingAssessedTax
ON,ON SEMICONDUCTOR CORP,1097864,3674,2022,8326200000,6739800000,4077200000,2360000000,1902200000,900000.0,DebtAndCapitalLeaseObligations,20262351285.0,1,RevenueFromContractWithCustomerExcludingAssessedTax
KEYS,"Keysight Technologies, Inc.",1601046,3823,2022,5420000000,4941000000,3450000000,1334000000,1124000000,1793000000.0,LongTermDebtNoncurrent+LongTermDebtCurrent,20000000000.0,1,Revenues
TEAM,Atlassian Corp,1650372,7372,2022,2802882000,2089132000,2349968000,70083000,-519510000,999419000.0,LongTermDebtNoncurrent+LongTermDebtCurrent,19100000000.0,1,RevenueFromContractWithCustomerExcludingAssessedTax
IT,GARTNER INC,749251,8741,2022,5475846000,4733962000,3815134000,1100106000,807799000,2461407000.0,DebtLongtermAndShorttermCombinedAmount,18600000000.0,1,RevenueFromContractWithCustomerExcludingAssessedTax
TDY,TELEDYNE TECHNOLOGIES INC,1094285,3812,2022,5458600000,4614300000,2330300000,972000000,788600000,3920600000.0,LongTermDebtNoncurrent+LongTermDebtCurrent,17300000000.0,1,RevenueFromContractWithCustomerExcludingAssessedTax
WDC,WESTERN DIGITAL CORP,106040,3572,2022,18793000000,16922000000,5874000000,2391000000,1546000000,7022000000.0,LongTermDebtNoncurrent+LongTermDebtCurrent,17000000000.0,1,RevenueFromContractWithCustomerExcludingAssessedTax
EPAM,"EPAM Systems, Inc.",1352010,7371,2022,4824698000,3758144000,1538015000,572966000,419416000,27693000.0,LongTermDebtNoncurrent,16369932254.0,1,RevenueFromContractWithCustomerExcludingAssessedTax
GRMN,GARMIN LTD,1121788,3812,2022,4860286000,4982795000,2806775000,1027845000,973585000,0.0,no-debt-tag-assumed-zero,15461000000.0,1,RevenueFromContractWithCustomerExcludingAssessedTax
ZBRA,ZEBRA TECHNOLOGIES CORP,877212,3560,2022,5781000000,5627000000,2624000000,529000000,463000000,2023000000.0,LongTermDebtNoncurrent+LongTermDebtCurrent,15400000000.0,1,RevenueFromContractWithCustomerExcludingAssessedTax
OKTA,"Okta, Inc.",1660134,7372,2022,1858000000,1300000000,1312000000,-812000000,-815000000,2193000000.0,ConvertibleDebtNoncurrent,14900000000.0,1,RevenueFromContractWithCustomerExcludingAssessedTax
PAYC,"Paycom Software, Inc.",1590955,7372,2022,1375200000,1055524000,1162500000,378700000,281400000,29000000.0,LongTermDebtNoncurrent+LongTermDebtCurrent,14400000000.0,1,RevenueFromContractWithCustomerExcludingAssessedTax
AKAM,AKAMAI TECHNOLOGIES INC,1086222,7389,2022,3616654000,3461223000,2232835000,676274000,523672000,0.0,no-debt-tag-assumed-zero,14326700000.0,1,RevenueFromContractWithCustomerIncludingAssessedTax
TRMB,TRIMBLE INC.,864749,3829,2022,3676300000,3659100000,2105600000,510900000,449700000,1520000000.0,DebtLongtermAndShorttermCombinedAmount,14300000000.0,1,RevenueFromContractWithCustomerExcludingAssessedTax
LDOS,"Leidos Holdings, Inc.",1336920,7373,2022,14287000000,13617000000,1975000000,1088000000,685000000,4920000000.0,DebtLongtermAndShorttermCombinedAmount,13863703025.0,1,RevenueFromContractWithCustomerExcludingAssessedTax
HUBS,HUBSPOT INC,1404655,7372,2022,1730969000,1300658000,1422949000,-102862000,-107347000,0.0,no-debt-tag-assumed-zero,13710448147.0,1000,RevenueFromContractWithCustomerExcludingAssessedTax
TYL,TYLER TECHNOLOGIES INC,860731,7372,2022,1850204000,1592287000,783863000,214249000,164240000,987389000.0,LongTermDebtNoncurrent+LongTermDebtCurrent,13686594900.0,1,RevenueFromContractWithCustomerExcludingAssessedTax
MPWR,"MONOLITHIC POWER SYSTEMS, INC.",1280452,3674,2022,1794148000,1207798000,1048552000,526785000,437672000,0.0,no-debt-tag-assumed-zero,13300000000.0,1,RevenueFromContractWithCustomerExcludingAssessedTax
TWLO,TWILIO INC,1447669,7372,2022,3826321000,2841839000,1813577000,-1205308000,-1256145000,987382000.0,LongTermDebt,13100000000.0,1,RevenueFromContractWithCustomerExcludingAssessedTax
SSNC,SS&C Technologies Holdings Inc,1402436,7372,2022,5283000000,5051000000,2515300000,1142900000,650200000,7079600000.0,DebtLongtermAndShorttermCombinedAmount,12954834035.0,1,RevenueFromContractWithCustomerExcludingAssessedTax
DOCU,"DOCUSIGN, INC.",1261333,7372,2022,2515915000,2107213000,1979827000,-88031000,-97454000,0.0,ConvertibleDebtNoncurrent,12700000000.0,1,RevenueFromContractWithCustomerExcludingAssessedTax
FFIV,"F5, INC.",1048695,3576,2022,2695845000,2603416000,2156218000,403792000,322160000,349772000.0,LongTermDebtNoncurrent+LongTermDebtCurrent,12578190940.0,1,RevenueFromContractWithCustomerExcludingAssessedTax
JKHY,JACK HENRY & ASSOCIATES INC,779152,7373,2022,1942884000,1758225000,814270000,474619000,362916000,115000000.0,LongTermDebtAndCapitalLeaseObligations,12115984998.0,1,RevenueFromContractWithCustomerExcludingAssessedTax
BAH,Booz Allen Hamilton Holding Corp,1443646,8742,2022,9259000000,8363700000,4954000000,447000000,272000000,2812145000.0,LongTermDebtNoncurrent+LongTermDebtCurrent,12022055123.0,1,RevenueFromContractWithCustomerExcludingAssessedTax
DELL,Dell Technologies Inc.,1571996,3571,2022,102301000000,101197000000,22686000000,5771000000,2442000000,29588000000.0,LongTermDebtNoncurrent+DebtCurrent,11400000000.0,1,Revenues
PTC,PTC INC.,857005,7372,2022,1933347000,1807159000,1547367000,447362000,313081000,1350628000.0,DebtLongtermAndShorttermCombinedAmount,11336087091.0,1,RevenueFromContractWithCustomerExcludingAssessedTax
NTAP,"NetApp, Inc.",1002047,3572,2022,6362000000,6318000000,4209000000,1018000000,1274000000,2389000000.0,LongTermDebtNoncurrent+LongTermDebtCurrent,10276408331.0,1,RevenueFromContractWithCustomerExcludingAssessedTax
TER,"TERADYNE, INC",97210,3825,2022,3155045000,3702881000,1867151000,831939000,715501000,0.0,ConvertibleDebtNoncurrent,10000000000.0,1,Revenues
FICO,FAIR ISAAC CORP,814547,7389,2022,1377270000,1316536000,1075096000,542414000,373541000,1853669000.0,LongTermDebtNoncurrent+DebtCurrent,9599184596.0,1,RevenueFromContractWithCustomerExcludingAssessedTax
PCTY,Paylocity Holding Corp,1591698,7372,2022,847694000,631725000,565649000,84594000,90777000,0.0,no-debt-tag-assumed-zero,9400000000.0,1,RevenueFromContractWithCustomerExcludingAssessedTax
ENTG,ENTEGRIS INC,1101302,3089,2022,3282033000,2298893000,1396413000,479981000,208920000,5784893000.0,LongTermDebtNoncurrent+LongTermDebtCurrent,9345493438.0,1,RevenueFromContractWithCustomerExcludingAssessedTax
GEN,Gen Digital Inc.,849399,7372,2022,3317000000,2796000000,2728000000,1206000000,1334000000,9762000000.0,LongTermDebtNoncurrent+LongTermDebtCurrent,9340370900.0,1,RevenueFromContractWithCustomerExcludingAssessedTax
WOLF,"WOLFSPEED, INC.",895419,3674,2022,572100000,525600000,208100000,-203100000,-200900000,0.0,no-debt-tag-assumed-zero,8966673467.0,1,RevenueFromContractWithCustomerExcludingAssessedTax
CIEN,CIENA CORP,936395,3661,2022,3632661000,3620684000,1560344000,222808000,152902000,1068055000.0,LongTermDebtNoncurrent+LongTermDebtCurrent,8300000000.0,1,Revenues
CNXC,Concentrix Corp,1803599,7389,2022,6324473000,5587015000,2257263000,640192000,435049000,2224288000.0,LongTermDebtNoncurrent+LongTermDebtCurrent,8024187196.0,1,RevenueFromContractWithCustomerExcludingAssessedTax
FLEX,FLEX LTD.,866374,3672,2022,28502000000,24633000000,1976000000,1017000000,793000000,3694000000.0,LongTermDebtNoncurrent+LongTermDebtCurrent,7600000000.0,1,RevenueFromContractWithCustomerExcludingAssessedTax
NET,"Cloudflare, Inc.",1477333,7372,2022,975241000,656426000,742631000,-201203000,-193381000,1436192000.0,ConvertibleDebtNoncurrent,7588000000.0,1,RevenueFromContractWithCustomerExcludingAssessedTax
FSLR,"FIRST SOLAR, INC.",1274494,3674,2022,2619319000,2923377000,69858000,-27236000,-44166000,184349000.0,DebtLongtermAndShorttermCombinedAmount,7200000000.0,1,Revenues
JBL,JABIL INC,898293,3672,2022,33478000000,29285000000,2632000000,1393000000,996000000,2875000000.0,LongTermDebtNoncurrent+LongTermDebtCurrent,7200000000.0,1,RevenueFromContractWithCustomerExcludingAssessedTax
COHR,COHERENT CORP.,820318,3827,2022,3316616000,3105891000,1265496000,414294000,234759000,2300426000.0,LongTermDebtNoncurrent+LongTermDebtCurrent,7194944557.0,1,RevenueFromContractWithCustomerExcludingAssessedTax
MANH,MANHATTAN ASSOCIATES INC,1056696,7372,2022,767084000,663643000,408847000,152700000,128959000,0.0,no-debt-tag-assumed-zero,7187541590.0,1,RevenueFromContractWithCustomerExcludingAssessedTax
DT,"Dynatrace, Inc.",1773383,7372,2022,1158530000,929445000,935639000,92811000,107959000,0.0,LongTermDebtNoncurrent,7000000000.0,1,RevenueFromContractWithCustomerExcludingAssessedTax
PATH,"UiPath, Inc.",1734722,7372,2022,1058581000,892252000,878530000,-348283000,-328352000,0.0,no-debt-tag-assumed-zero,6900000000.0,1,RevenueFromContractWithCustomerExcludingAssessedTax
AZTA,"Azenta, Inc.",933974,3559,2022,555498000,513703000,255584000,-24735000,2132859000,0.0,no-debt-tag-assumed-zero,6114187970.0,1,RevenueFromContractWithCustomerExcludingAssessedTax
ESTC,Elastic N.V.,1707753,7372,2022,1068989000,862374000,772363000,-219172000,-236161000,567543000.0,LongTermDebt,6100000000.0,1,RevenueFromContractWithCustomerExcludingAssessedTax
NTNX,"Nutanix, Inc.",1618732,7372,2022,1580796000,1394364000,1259640000,-458852000,-798946000,5000000.0,ConvertibleDebt,6000000000.0,1,RevenueFromContractWithCustomerExcludingAssessedTax
MKSI,MKS INC,1049502,3823,2022,3547000000,2950000000,1547000000,617000000,333000000,5122000000.0,LongTermDebtNoncurrent,5720758869.0,1,RevenueFromContractWithCustomerExcludingAssessedTax
SAIC,Science Applications International Corp,1571123,7373,2022,7704000000,7394000000,888000000,501000000,300000000,2374000000.0,LongTermDebtNoncurrent+LongTermDebtCurrent,5200000000.0,1,RevenueFromContractWithCustomerExcludingAssessedTax
GTLB,Gitlab Inc.,1653482,7372,2022,424336000,252653000,372656000,-211411000,-173407000,0.0,no-debt-tag-assumed-zero,5000000000.0,1,RevenueFromContractWithCustomerExcludingAssessedTax
OMCL,"OMNICELL, INC.",926326,3571,2022,1295947000,1132018000,588987000,-2323000,5648000,0.0,no-debt-tag-assumed-zero,5000000000.0,1,RevenueFromContractWithCustomerExcludingAssessedTax
TENB,"Tenable Holdings, Inc.",1660280,7372,2022,683191000,541130000,528402000,-67815000,-92222000,371250000.0,DebtInstrumentCarryingAmount,5000000000.0,1,RevenueFromContractWithCustomerExcludingAssessedTax
LSCC,LATTICE SEMICONDUCTOR CORP,855658,3674,2022,660356000,515327000,452050000,187367000,178882000,128752000.0,LongTermDebtNoncurrent+LongTermDebtCurrent,4910050770.0,1,RevenueFromContractWithCustomerExcludingAssessedTax
EXLS,"ExlService Holdings, Inc.",1297989,7389,2022,1412044000,1122293000,515449000,192162000,142968000,250000000.0,LongTermDebtNoncurrent+LongTermDebtCurrent,4754716854.0,1,RevenueFromContractWithCustomerExcludingAssessedTax
FN,Fabrinet,1408710,3661,2022,2262224000,1879350000,278594000,204518000,200380000,27358000.0,LongTermDebtNoncurrent+LongTermDebtCurrent,4700000000.0,1,Revenues
DBX,"DROPBOX, INC.",1467623,7372,2022,2324900000,2157900000,1880700000,181300000,553200000,1389100000.0,DebtInstrumentCarryingAmount,4690500000.0,1,RevenueFromContractWithCustomerExcludingAssessedTax
QLYS,"QUALYS, INC.",1107843,7372,2022,489723000,411172000,386935000,130547000,107992000,0.0,no-debt-tag-assumed-zero,4288000000.0,1,RevenueFromContractWithCustomerExcludingAssessedTax
SPSC,SPS COMMERCE INC,1092699,7372,2022,450875000,385276000,297810000,71182000,55134000,0.0,no-debt-tag-assumed-zero,4100000000.0,1,RevenueFromContractWithCustomerExcludingAssessedTax
VIAV,VIAVI SOLUTIONS INC.,912093,3674,2022,1292400000,1198900000,773500000,185000000,15500000,616500000.0,ConvertibleDebtNoncurrent,4100000000.0,1,RevenueFromContractWithCustomerExcludingAssessedTax
BSY,BENTLEY SYSTEMS INC,1031308,7372,2022,1099082000,965046000,862069000,208612000,174780000,1780696000.0,LongTermDebtNoncurrent+LongTermDebtCurrent,4000000000.0,1,RevenueFromContractWithCustomerExcludingAssessedTax
BOX,BOX INC,1372612,7372,2022,990874000,874332000,738318000,36840000,26783000,369351000.0,LongTermDebtNoncurrent,3900000000.0,1,RevenueFromContractWithCustomerExcludingAssessedTax
TDC,TERADATA CORP /DE/,816761,7372,2022,1795000000,1917000000,1081000000,118000000,33000000,498000000.0,LongTermDebtNoncurrent+LongTermDebtCurrent,3800000000.0,1,RevenueFromContractWithCustomerExcludingAssessedTax
IOT,Samsara Inc.,1642896,7373,2022,652545000,428345000,469889000,-259455000,-247422000,0.0,no-debt-tag-assumed-zero,3690900000.0,1,RevenueFromContractWithCustomerExcludingAssessedTax
BL,"BLACKLINE, INC.",1666134,7372,2022,522938000,425706000,393553000,-56198000,-29391000,1384306000.0,ConvertibleDebtNoncurrent,3666000000.0,1,RevenueFromContractWithCustomerExcludingAssessedTax
S,"SentinelOne, Inc.",1583708,7372,2022,422179000,204799000,278002000,-402576000,-378678000,0.0,no-debt-tag-assumed-zero,3500000000.0,1,RevenueFromContractWithCustomerExcludingAssessedTax
POWI,POWER INTEGRATIONS INC,833640,3674,2022,651138000,703277000,366907000,180412000,170851000,0.0,no-debt-tag-assumed-zero,3300000000.0,1,Revenues
KLIC,KULICKE & SOFFA INDUSTRIES INC,56978,3674,2022,1503620000,1517664000,748320000,470072000,433545000,0.0,no-debt-tag-assumed-zero,3279600000.0,1,Revenues
SYNA,SYNAPTICS Inc,817720,3674,2022,1739700000,1339600000,943100000,350400000,257500000,981700000.0,LongTermDebtNoncurrent+LongTermDebtCurrent,3263436621.0,1000000,RevenueFromContractWithCustomerExcludingAssessedTax
VRNS,VARONIS SYSTEMS INC,1361113,7372,2022,473634000,390134000,403798000,-121228000,-124518000,248963000.0,ConvertibleDebtNoncurrent,3170000000.0,1,RevenueFromContractWithCustomerIncludingAssessedTax
SMTC,SEMTECH CORP,88941,3674,2022,756533000,740858000,478558000,92799000,61380000,1340070000.0,LongTermDebtNoncurrent+LongTermDebtCurrent,3100000000.0,1,RevenueFromContractWithCustomerExcludingAssessedTax
WK,WORKIVA INC,1445305,7372,2022,537875000,443285000,407990000,-88764000,-90947000,340257000.0,ConvertibleDebtNoncurrent,3100000000.0,1,RevenueFromContractWithCustomerExcludingAssessedTax
ONTO,ONTO INNOVATION INC.,704532,3829,2022,1005183000,788899000,539221000,236714000,223334000,0.0,no-debt-tag-assumed-zero,3072410193.0,1000,RevenueFromContractWithCustomerExcludingAssessedTax
MTSI,"MACOM Technology Solutions Holdings, Inc.",1493594,3674,2022,675170000,606920000,406181000,132674000,439955000,565920000.0,LongTermDebtNoncurrent,2900000000.0,1,Revenues
DIOD,DIODES INC /DEL/,29002,3674,2022,2000580000,1805162000,827237000,408193000,331283000,152041000.0,LongTermDebt+LongTermDebtCurrent,2800000000.0,1,RevenueFromContractWithCustomerExcludingAssessedTax
AEIS,ADVANCED ENERGY INDUSTRIES INC,927003,3679,2022,1845422000,1455954000,675506000,233095000,199660000,373262000.0,LongTermDebtNoncurrent+LongTermDebtCurrent,2706820026.0,1,RevenueFromContractWithCustomerExcludingAssessedTax
SPT,"Sprout Social, Inc.",1517375,7372,2022,253828000,187859000,193970000,-51676000,-50240000,0.0,LongTermDebt,2700000000.0,1,RevenueFromContractWithCustomerExcludingAssessedTax
NSIT,INSIGHT ENTERPRISES INC,932696,5961,2022,10431191000,9436113000,1636567000,413700000,280608000,637900000.0,DebtAndCapitalLeaseObligations,2668515639.0,1,RevenueFromContractWithCustomerExcludingAssessedTax
CRUS,"CIRRUS LOGIC, INC.",772406,3674,2022,1897617000,1781460000,956979000,249031000,176703000,0.0,no-debt-tag-assumed-zero,2621830483.0,1,RevenueFromContractWithCustomerExcludingAssessedTax
ACIW,"ACI WORLDWIDE, INC.",935036,7372,2022,1421901000,1370598000,725830000,203835000,142177000,1089872000.0,LongTermDebtNoncurrent+LongTermDebtCurrent,2597031703.0,1,RevenueFromContractWithCustomerExcludingAssessedTax
DOMO,"DOMO, INC.",1505952,7372,2022,308645000,257961000,235567000,-88873000,-105551000,108607000.0,LongTermDebtNoncurrent,2500000000.0,1,RevenueFromContractWithCustomerExcludingAssessedTax
AMBA,AMBARELLA INC,1280263,3674,2022,337606000,331856000,208934000,-74256000,-65386000,0.0,no-debt-tag-assumed-zero,2500000000.0,1,RevenueFromContractWithCustomerExcludingAssessedTax
EVH,"Evolent Health, Inc.",1628908,8741,2022,1352013000,907957000,316584000,3642000,-19164000,412986000.0,LongTermDebtNoncurrent,2500000000.0,1,RevenueFromContractWithCustomerExcludingAssessedTax
SITM,SITIME Corp,1451809,3674,2022,283605000,218808000,182962000,16142000,23254000,0.0,no-debt-tag-assumed-zero,2402136679.0,1,RevenueFromContractWithCustomerExcludingAssessedTax
MXL,"MAXLINEAR, INC",1288469,3674,2022,1120252000,892398000,649769000,180243000,125040000,121757000.0,LongTermDebtNoncurrent,2400000000.0,1,RevenueFromContractWithCustomerExcludingAssessedTax
BRZE,"Braze, Inc.",1676238,7372,2022,355426000,238035000,239608000,-148140000,-138966000,0.0,no-debt-tag-assumed-zero,2400000000.0,1,RevenueFromContractWithCustomerExcludingAssessedTax
PLXS,PLEXUS CORP,785786,3672,2022,3927642000,3480676000,347229000,178185000,138243000,413000000.0,DebtInstrumentCarryingAmount,2300000000.0,1,RevenueFromContractWithCustomerExcludingAssessedTax
VSH,VISHAY INTERTECHNOLOGY INC,103730,3670,2022,3497401000,3240487000,1058989000,615486000,428810000,500937000.0,LongTermDebtNoncurrent+LongTermDebtCurrent,2288000000.0,1,Revenues
FORM,FORMFACTOR INC,1039399,3674,2022,747937000,769674000,296009000,54912000,50738000,15434000.0,LongTermDebtNoncurrent+LongTermDebtCurrent,2239400000.0,1,RevenueFromContractWithCustomerExcludingAssessedTax
ITRI,"ITRON, INC.",780571,3825,2022,1795564000,1981572000,522189000,-7439000,-9732000,452526000.0,LongTermDebtNoncurrent,2208007305.0,1,RevenueFromContractWithCustomerExcludingAssessedTax
PD,"PagerDuty, Inc.",1568100,7372,2022,370793000,281396000,300359000,-129377000,-128423000,296485000.0,LongTermDebt,2200000000.0,1,RevenueFromContractWithCustomerExcludingAssessedTax
NTCT,NETSCOUT SYSTEMS INC,1078075,7373,2022,914530000,855575000,691432000,77664000,59648000,100000000.0,LongTermDebtNoncurrent,2174733703.0,1,RevenueFromContractWithCustomerExcludingAssessedTax
PRGS,PROGRESS SOFTWARE CORP /MA,876167,7372,2022,602013000,531313000,507517000,132131000,95069000,618079000.0,LongTermDebtNoncurrent+LongTermDebtCurrent,2068000000.0,1,RevenueFromContractWithCustomerExcludingAssessedTax
CALX,"CALIX, INC",1406666,4899,2022,867827000,679394000,435428000,52610000,41010000,0.0,no-debt-tag-assumed-zero,2002000000.0,1,RevenueFromContractWithCustomerExcludingAssessedTax
SMCI,"Super Micro Computer, Inc.",1375365,3571,2022,5196099000,3557422000,800001000,335167000,285163000,596764000.0,DebtLongtermAndShorttermCombinedAmount,1962046138.0,1,RevenueFromContractWithCustomerExcludingAssessedTax
DV,"DoubleVerify Holdings, Inc.",1819928,7370,2022,452418000,332741000,374552000,59024000,43268000,0.0,no-debt-tag-assumed-zero,1858366041.0,1,RevenueFromContractWithCustomerExcludingAssessedTax
BDC,BELDEN INC.,913142,3357,2022,2606485000,2301260000,916289000,363334000,254663000,1161176000.0,LongTermDebtNoncurrent,1822673869.0,1,Revenues
AMKR,"AMKOR TECHNOLOGY, INC.",1047127,3674,2022,7091585000,6138329000,1329987000,897186000,765823000,1239772000.0,DebtLongtermAndShorttermCombinedAmount,1732000000.0,1,RevenueFromContractWithCustomerExcludingAssessedTax
RMBS,RAMBUS INC,917273,3674,2022,454793000,328304000,347214000,76942000,-14310000,0.0,no-debt-tag-assumed-zero,1700000000.0,1,RevenueFromContractWithCustomerIncludingAssessedTax
UI,Ubiquiti Inc.,1511737,3663,2022,1691692000,1898094000,669812000,462264000,378657000,762622000.0,LongTermDebtNoncurrent,1612192473.0,1,RevenueFromContractWithCustomerExcludingAssessedTax
CRDO,Credo Technology Group Holding Ltd,1807794,3674,2022,184194000,106477000,106194000,-21235000,-16547000,0.0,no-debt-tag-assumed-zero,1500000000.0,1,RevenueFromContractWithCustomerExcludingAssessedTax
ALGM,"ALLEGRO MICROSYSTEMS, INC.",866291,3674,2022,973653000,768674000,546079000,203307000,187357000,25000000.0,LongTermDebtNoncurrent,1493845675.0,1,RevenueFromContractWithCustomerExcludingAssessedTax
SANM,SANMINA CORP,897723,3672,2022,7919622000,6738356000,622206000,349479000,240384000,346737000.0,LongTermDebtNoncurrent+DebtCurrent,1453429173.0,1,RevenueFromContractWithCustomerExcludingAssessedTax
EXTR,EXTREME NETWORKS INC,1078271,3576,2022,1112321000,1009418000,629938000,64188000,44271000,303919000.0,DebtLongtermAndShorttermCombinedAmount,1400000000.0,1,RevenueFromContractWithCustomerExcludingAssessedTax
NCNO,"nCino, Inc.",1902733,7372,2022,408315000,273865000,238709000,-94013000,-102720000,0.0,no-debt-tag-assumed-zero,1400000000.0,1,RevenueFromContractWithCustomerExcludingAssessedTax
AOSL,ALPHA & OMEGA SEMICONDUCTOR Ltd,1387467,3674,2022,777552000,656902000,268556000,102038000,453163000,68218000.0,DebtLongtermAndShorttermCombinedAmount,1327000000.0,1,RevenueFromContractWithCustomerExcludingAssessedTax
PI,IMPINJ INC,1114995,3679,2022,257800000,190283000,137884000,-19479000,-24301000,280244000.0,LongTermDebtNoncurrent,1300000000.0,1,RevenueFromContractWithCustomerExcludingAssessedTax
ASAN,"Asana, Inc.",1477720,7372,2022,547212000,378437000,490653000,-407826000,-407768000,0.0,no-debt-tag-assumed-zero,1300000000.0,1,RevenueFromContractWithCustomerExcludingAssessedTax
FROG,JFrog Ltd,1800667,7372,2022,280040000,206683000,217753000,-89840000,-90184000,0.0,no-debt-tag-assumed-zero,1300000000.0,1,RevenueFromContractWithCustomerExcludingAssessedTax
TTMI,TTM TECHNOLOGIES INC,1116942,3672,2022,2495046000,2248740000,457965000,210408000,94583000,50000000.0,DebtLongtermAndShorttermCombinedAmount,1229476501.0,1000,RevenueFromContractWithCustomerExcludingAssessedTax
DDD,3D SYSTEMS CORP,910638,7372,2022,538031000,615639000,214233000,-117019000,-122711000,449510000.0,LongTermDebtNoncurrent,1223082545.0,1,RevenueFromContractWithCustomerExcludingAssessedTax
UCTT,"Ultra Clean Holdings, Inc.",1275014,3674,2022,2374300000,2101600000,465000000,120400000,40400000,485300000.0,LongTermDebt,1205200000.0,1,RevenueFromContractWithCustomerExcludingAssessedTax
CTS,CTS CORP,26058,3672,2022,586869000,512925000,210538000,93006000,59575000,0.0,no-debt-tag-assumed-zero,1069446384.0,1,Revenues
PAR,PAR TECHNOLOGY CORP,708821,3578,2022,262347000,282876000,81717000,-69059000,-69319000,389192000.0,LongTermDebtNoncurrent+LongTermDebtCurrent,1004244555.0,1,RevenueFromContractWithCustomerExcludingAssessedTax
MEI,METHODE ELECTRONICS INC,65270,3678,2022,1179600000,1163600000,264100000,90400000,77100000,306800000.0,LongTermDebtNoncurrent+LongTermDebtCurrent,1000000000.0,1,RevenueFromContractWithCustomerExcludingAssessedTax
BHE,BENCHMARK ELECTRONICS INC,863436,3672,2022,3011507000,2344938000,255235000,90069000,68229000,324950000.0,LongTermDebtAndCapitalLeaseObligations+LongTermDebtAndCapitalLeaseObligationsCurrent,1000000000.0,1,RevenueFromContractWithCustomerExcludingAssessedTax
LPSN,LIVEPERSON INC,1102993,7372,2022,514800000,469624000,330101000,-221884000,-225747000,737423000.0,LongTermDebt,986850184.0,1,RevenueFromContractWithCustomerExcludingAssessedTax
QNST,"QUINSTREET, INC",1117297,7389,2022,582099000,578487000,53731000,-4718000,-5248000,0.0,no-debt-tag-assumed-zero,949884910.0,1,RevenueFromContractWithCustomerExcludingAssessedTax
VECO,VEECO INSTRUMENTS INC,103145,3559,2022,646137000,583277000,263148000,60296000,166942000,274660000.0,LongTermDebtNoncurrent+LongTermDebtCurrent,906413355.0,1,RevenueFromContractWithCustomerIncludingAssessedTax
PLAB,PHOTRONICS INC,810136,3674,2022,824549000,663761000,294213000,211866000,118786000,42334000.0,LongTermDebtNoncurrent+LongTermDebtCurrent,901992131.0,1,RevenueFromContractWithCustomerExcludingAssessedTax
RAMP,"LiveRamp Holdings, Inc.",733269,7374,2022,596583000,528657000,426499000,-125800000,-118702000,0.0,no-debt-tag-assumed-zero,895724585.0,1,RevenueFromContractWithCustomerExcludingAssessedTax
AI,"C3.ai, Inc.",1577526,7372,2022,266795000,252759000,180458000,-290493000,-268839000,0.0,no-debt-tag-assumed-zero,886700000.0,1,RevenueFromContractWithCustomerExcludingAssessedTax
AGYS,AGILYSYS INC,78749,7373,2022,198065000,162636000,120819000,12875000,14582000,0.0,no-debt-tag-assumed-zero,868707955.0,1000,RevenueFromContractWithCustomerExcludingAssessedTax
ADTN,"ADTRAN Holdings, Inc.",926282,3661,2022,1025536000,563004000,327252000,-72827000,-2037000,0.0,no-debt-tag-assumed-zero,852431295.0,1,RevenueFromContractWithCustomerExcludingAssessedTax
GDYN,"GRID DYNAMICS HOLDINGS, INC.",1743725,7372,2022,310482000,211280000,120590000,-21008000,-29214000,0.0,no-debt-tag-assumed-zero,814300000.0,1,RevenueFromContractWithCustomerExcludingAssessedTax
UIS,UNISYS CORP,746838,7373,2022,1699900000,1745800000,529600000,52200000,-106000000,513100000.0,LongTermDebtAndCapitalLeaseObligations+LongTermDebtAndCapitalLeaseObligationsCurrent,796000000.0,1,RevenueFromContractWithCustomerExcludingAssessedTax
CLFD,"Clearfield, Inc.",796505,3661,2022,270883000,140755000,112947000,63817000,49362000,18666000.0,LongTermDebtAndCapitalLeaseObligations+DebtCurrent,747737778.0,1,RevenueFromContractWithCustomerExcludingAssessedTax
CXM,"Sprinklr, Inc.",1569345,7372,2022,618190000,492394000,454465000,-51224000,-55742000,0.0,no-debt-tag-assumed-zero,740300000.0,1,RevenueFromContractWithCustomerExcludingAssessedTax
ACMR,"ACM Research, Inc.",1680062,3559,2022,388832000,259751000,183615000,59035000,39263000,21009000.0,LongTermDebtNoncurrent+LongTermDebtCurrent,739000000.0,1,RevenueFromContractWithCustomerExcludingAssessedTax
DGII,DIGI INTERNATIONAL INC,854775,3576,2022,388225000,308632000,216286000,38220000,19383000,237971000.0,LongTermDebtNoncurrent+LongTermDebtCurrent,734732375.0,1,RevenueFromContractWithCustomerExcludingAssessedTax
NSSC,"NAPCO SECURITY TECHNOLOGIES, INC",69633,3669,2022,143593000,114035000,59156000,18225000,19599000,0.0,no-debt-tag-assumed-zero,727674114.0,1,Revenues
ICHR,"ICHOR HOLDINGS, LTD.",1652535,3674,2022,1280069000,1096917000,211864000,85823000,72804000,300718000.0,LongTermDebtNoncurrent+LongTermDebtCurrent,632917000.0,1,RevenueFromContractWithCustomerExcludingAssessedTax
NABL,"N-able, Inc.",1834488,7372,2022,371769000,346456000,313159000,47396000,16707000,336988000.0,LongTermDebtNoncurrent+LongTermDebtCurrent,609500000.0,1,RevenueFromContractWithCustomerExcludingAssessedTax
CEVA,CEVA INC,1173489,7370,2022,120583000,113832000,105452000,3896000,-23183000,0.0,no-debt-tag-assumed-zero,562317298.0,1,RevenueFromContractWithCustomerIncludingAssessedTax
NTGR,"NETGEAR, INC.",1122904,3576,2022,932472000,1168073000,250549000,-82924000,-68987000,0.0,no-debt-tag-assumed-zero,525400000.0,1,RevenueFromContractWithCustomerExcludingAssessedTax
ALKT,"ALKAMI TECHNOLOGY, INC.",1529274,7372,2022,204270000,152159000,108324000,-57689000,-58600000,84580000.0,LongTermDebtNoncurrent+LongTermDebtCurrent,521200000.0,1,RevenueFromContractWithCustomerExcludingAssessedTax
ZETA,Zeta Global Holdings Corp.,1851003,7372,2022,590961000,458338000,375495000,-259034000,-279239000,183953000.0,LongTermDebtNoncurrent,510900000.0,1,RevenueFromContractWithCustomerExcludingAssessedTax
HCKT,"HACKETT GROUP, INC.",1057379,8742,2022,293742000,278809000,89481000,55248000,40802000,59653000.0,LongTermDebtNoncurrent,473965505.0,1,RevenueFromContractWithCustomerExcludingAssessedTax
LASR,"NLIGHT, INC.",1124796,3674,2022,242058000,270146000,50821000,-55102000,-54579000,0.0,no-debt-tag-assumed-zero,460700000.0,1,RevenueFromContractWithCustomerExcludingAssessedTax
YEXT,"Yext, Inc.",1614178,7374,2022,400850000,390577000,296890000,-64828000,-65938000,0.0,no-debt-tag-assumed-zero,441500000.0,1,RevenueFromContractWithCustomerExcludingAssessedTax
UPLD,"Upland Software, Inc.",1505155,7372,2022,317303000,302016000,213562000,-40228000,-68413000,514983000.0,LongTermDebtNoncurrent+LongTermDebtCurrent,400000000.0,1,RevenueFromContractWithCustomerExcludingAssessedTax
HLIT,HARMONIC INC.,851310,3663,2022,624957000,507149000,315884000,45519000,28182000,15917000.0,LongTermDebt,398600000.0,1,RevenueFromContractWithCustomerExcludingAssessedTax
NVTS,Navitas Semiconductor Corp,1821769,3674,2022,37943000,23736000,11947000,-123637000,73913000,0.0,LongTermDebtNoncurrent+LongTermDebtCurrent,352276365.0,1,RevenueFromContractWithCustomerExcludingAssessedTax
AVNW,"AVIAT NETWORKS, INC.",1377789,3663,2022,302959000,274911000,109235000,28745000,21160000,0.0,no-debt-tag-assumed-zero,349700000.0,1,RevenueFromContractWithCustomerIncludingAssessedTax
SOUN,"SOUNDHOUND AI, INC.",1840856,7372,2022,31129000,21197000,21530000,-105672000,-116713000,34967000.0,LongTermDebtNoncurrent+LongTermDebtCurrent,315300000.0,1,RevenueFromContractWithCustomerIncludingAssessedTax
IMMR,IMMERSION CORP,1058811,3577,2022,38461000,35089000,38457000,24420000,30664000,0.0,no-debt-tag-assumed-zero,230817516.0,1,RevenueFromContractWithCustomerExcludingAssessedTax
RBBN,Ribbon Communications Inc.,1708055,7373,2022,819760000,844957000,400936000,-48324000,-98083000,326328000.0,LongTermDebtNoncurrent+LongTermDebtCurrent,218560000.0,1,RevenueFromContractWithCustomerExcludingAssessedTax
EGAN,EGAIN Corp,1066194,7372,2022,91951000,78287000,67414000,-2138000,-2441000,0.0,no-debt-tag-assumed-zero,216400000.0,1,RevenueFromContractWithCustomerExcludingAssessedTax
NVEC,NVE CORP /NEW/,724910,3674,2022,38253592,26986970,30191281,25644182,22694458,0.0,no-debt-tag-assumed-zero,200000000.0,1,Revenues
EGHT,8X8 INC /DE/,1023731,7374,2022,743938000,638130000,502463000,-66292000,-73143000,196821000.0,ConvertibleDebtNoncurrent,200000000.0,1,RevenueFromContractWithCustomerExcludingAssessedTax
AXTI,AXT INC,1051627,3674,2022,141118000,137393000,52121000,12554000,15811000,0.0,no-debt-tag-assumed-zero,195138094.0,1,RevenueFromContractWithCustomerExcludingAssessedTax
BELFB,BEL FUSE INC /NJ,729580,3677,2022,654233000,543494000,183453000,65147000,52689000,95000000.0,LongTermDebtNoncurrent,194800000.0,1,RevenueFromContractWithCustomerExcludingAssessedTax
INSG,INSEEGO CORP.,1022652,3669,2022,245323000,262399000,66909000,-57918000,-67969000,158427000.0,ConvertibleDebtNoncurrent,152900000.0,1,RevenueFromContractWithCustomerExcludingAssessedTax
ASYS,AMTECH SYSTEMS INC,720500,3559,2022,106298000,85205000,39511000,17286000,17367000,327000.0,LongTermDebtAndCapitalLeaseObligations+LongTermDebtAndCapitalLeaseObligationsCurrent,113239072.0,1,Revenues
PXLW,"PIXELWORKS, INC",1040161,7372,2022,70146000,55102000,35881000,-16817000,-16030000,0.0,no-debt-tag-assumed-zero,100279450.0,1,RevenueFromContractWithCustomerExcludingAssessedTax
WEAV,"Weave Communications, Inc.",1609151,7372,2022,142117000,115871000,88841000,-49704000,-49738000,10000000.0,LongTermDebtNoncurrent+LongTermDebtCurrent,94100000.0,1,RevenueFromContractWithCustomerExcludingAssessedTax
INTT,INTEST CORP,1036262,3825,2022,116828000,84878000,53440000,10721000,8461000,16142000.0,LongTermDebtNoncurrent+LongTermDebtCurrent,71710141.0,1,RevenueFromContractWithCustomerIncludingAssessedTax
AAOI,"APPLIED OPTOELECTRONICS, INC.",1158114,3674,2022,222818000,211565000,33627000,-58998000,-66397000,57074000.0,LongTermDebtNoncurrent+LongTermDebtCurrent,38951697.0,1,RevenueFromContractWithCustomerExcludingAssessedTax
